{"ret": 2.0607898197337406, "mtx": [[2818.715028139798, 0.0, 1972.9057803307323], [0.0, 2820.042627281386, 1545.8636624394924], [0.0, 0.0, 1.0]], "dist": [[0.04405520057239978, -0.1493478113910162, 0.0007912836233864331, 0.0006500385994534713, 0.1287418651302575]], "rvecs": [[[-0.05769071356845771], [0.006405634035957623], [-1.5826440143955962]], [[-0.20505315300167298], [0.16040632214147857], [-1.5771834163351408]], [[0.015027237915466316], [-0.07320449333568875], [-1.580159137873605]], [[0.009782507637385257], [-0.07524848478713397], [-1.5740283094845706]], [[-0.02251013591223542], [-0.04616072514348276], [-1.5762688707045545]], [[-0.0004045693010617246], [-0.05827844766992953], [-1.5795847516334647]], [[0.32645013884374835], [-0.3779147074338175], [-1.5382242853317938]], [[0.0020999341031818974], [-0.07065372691303544], [-1.5787787023971975]]], "tvecs": [[[-3.748462908997712], [2.2319431800351914], [13.172458974370635]], [[-8.654997592063332], [-0.9894746080838499], [14.702780140883725]], [[-6.017745330511919], [4.281883570286293], [10.700447303109218]], [[-3.049735479760203], [0.9290092989769038], [9.53076812230611]], [[-2.2903126669020346], [3.6467606784926025], [9.966559590120417]], [[-4.916118472112618], [3.1712688663131137], [9.844078067973046]], [[1.0616385328877487], [-0.020863573015846768], [10.548121863957636]], [[-2.4391913811245467], [2.722818009947199], [10.21381325251548]]]}